{"accuracy":{"0":0.9758583459},"precision":{"0":0.9963501714},"recall":{"0":0.9758583459},"f1_score":{"0":0.9847578299}}